Ticker,Method,Exceptions,Exception Rate (%),Kupiec p-value,Christoffersen p-value,ES Ratio,Basel (Avg/yr),Valid Days
BHARTIARTL,historical,69,1.4737291755659976,0.002339372044571353,0.0036732401635866108,1.0551191186407807,Green,4682
BHARTIARTL,normal,69,1.4737291755659976,0.002339372044571353,0.0036732401635866108,1.1035463394782645,Green,4682
BHARTIARTL,student_t,47,1.003844510892781,0.9789208242143411,0.011921172991589901,0.9581260618178785,Green,4682
HDFCBANK,historical,62,1.3242204186245194,0.03365914960217076,0.8465843220623473,1.1166387882425377,Green,4682
HDFCBANK,normal,62,1.3242204186245194,0.03365914960217076,0.26374499427785036,1.2351251443558546,Green,4682
HDFCBANK,student_t,46,0.9824861170439982,0.903854751075614,0.4771579888219253,1.0407743670156238,Green,4682
HINDUNILVR,historical,70,1.49508756941478,0.0015136018876207302,0.0005984784950709976,1.0253023811687705,Green,4682
HINDUNILVR,normal,64,1.3669372063220846,0.016839249150297997,1.7598443026178856e-06,1.1512725458546844,Green,4682
HINDUNILVR,student_t,43,0.9184109354976506,0.5694178486619752,2.155041589624318e-09,0.9501265095104422,Green,4682
ICICIBANK,historical,74,1.5805211448099103,0.00023261624955228655,0.14888223463464756,1.0671693821396664,Green,4682
ICICIBANK,normal,71,1.5164459632635625,0.000966423033663788,0.41843754158679347,1.1832189757709108,Green,4682
ICICIBANK,student_t,51,1.0892780862879112,0.5450181131455776,0.12785805094149527,0.9931655354665411,Green,4682
INFY,historical,68,1.452370781717215,0.003567599470655214,0.01966992848283622,1.050870662722876,Green,4682
INFY,normal,82,1.751388295600171,3.002863374179654e-06,0.0005800854441985193,1.3403760389905948,Yellow,4682
INFY,student_t,56,1.196070055531824,0.1908802243450134,4.342364476717098e-05,1.1945399934254863,Green,4682
ITC,historical,57,1.2174284493806067,0.14818592709946676,0.03671696229381183,1.136493482420416,Green,4682
ITC,normal,62,1.3242204186245194,0.03365914960217076,0.058685270032978964,1.313061348701221,Green,4682
ITC,student_t,44,0.9397693293464331,0.6756338288391286,0.43521186544429113,1.1502386787308372,Green,4682
LT,historical,74,1.5805211448099103,0.00023261624955228655,0.006977442706177728,1.0383310881150374,Green,4682
LT,normal,72,1.5378043571123452,0.0006090047311421154,0.0008233188869843922,1.132551997492715,Green,4682
LT,student_t,46,0.9824861170439982,0.903854751075614,0.010478930743049175,1.0311292956746405,Green,4682
RELIANCE,historical,68,1.452370781717215,0.003567599470655214,0.01966992848283622,1.1083859375758474,Green,4682
RELIANCE,normal,79,1.687313114053823,1.6816268694208603e-05,0.0022999267774498344,1.192373326499877,Yellow,4682
RELIANCE,student_t,62,1.3242204186245194,0.03365914960217076,0.0013339822462981044,1.0507781720759195,Green,4682
SBIN,historical,62,1.3242204186245194,0.03365914960217076,0.009931435013538215,1.065010908797616,Green,4682
SBIN,normal,73,1.5591627509611277,0.00037881453374311036,0.006167627756215155,1.1457495352116582,Green,4682
SBIN,student_t,54,1.1533532678342588,0.303243728711567,0.0034329850748535673,0.9737284293451766,Green,4682
TCS,historical,68,1.452370781717215,0.003567599470655214,0.0032059239633235315,1.0639109832034335,Green,4682
TCS,normal,79,1.687313114053823,1.6816268694208603e-05,0.056316132595038315,1.1526335104256733,Yellow,4682
TCS,student_t,50,1.0679196924391285,0.6440871424674424,0.001866556207660297,1.0056278220489725,Green,4682
