Ticker,Observations,Mean (%),Std Dev (%),Skewness,Excess Kurtosis,Min (%),Max (%),JB p-value
BHARTIARTL,4932,0.0548,2.1063,0.2577,5.2027,-13.5519,22.6526,0.00e+00
HDFCBANK,4932,0.0705,1.7663,0.1511,6.3838,-13.4754,15.1005,0.00e+00
HINDUNILVR,4932,0.0586,1.6408,0.5163,6.0095,-9.2891,16.0264,0.00e+00
ICICIBANK,4932,0.0559,2.3687,-0.0617,7.6602,-22.1354,20.7324,0.00e+00
INFY,4932,0.0528,1.8679,-0.6181,12.6901,-23.9002,15.5165,0.00e+00
ITC,4932,0.0556,1.7068,-0.2733,6.0341,-13.7130,10.5495,0.00e+00
LT,4932,0.0660,2.5011,-0.5606,233.1022,-70.4551,66.8320,0.00e+00
RELIANCE,4932,0.0679,2.0050,0.1251,8.9509,-17.7610,19.3667,0.00e+00
SBIN,4932,0.0547,2.2296,0.2698,7.0494,-15.5532,24.4413,0.00e+00
TCS,4932,0.0633,1.8311,0.1483,5.6299,-11.3063,14.4063,0.00e+00
