Ticker,Historical VaR (%),Historical CVaR (%),Normal VaR (%),Normal CVaR (%),Student-t VaR (%),Student-t CVaR (%),Fitted nu (df)
BHARTIARTL,5.60,7.20,4.85,5.56,5.75,8.09,3.87
HDFCBANK,4.59,6.61,4.04,4.64,5.03,7.81,2.97
HINDUNILVR,4.22,5.57,3.76,4.31,4.47,6.40,3.65
ICICIBANK,6.51,9.12,5.45,6.26,6.71,10.34,3.02
INFY,4.97,7.56,4.29,4.93,4.95,7.23,3.48
ITC,4.49,6.48,3.91,4.49,4.63,6.67,3.60
LT,5.61,8.64,5.75,6.60,5.90,8.82,3.25
RELIANCE,5.31,7.70,4.60,5.28,5.33,7.67,3.62
SBIN,5.98,7.80,5.13,5.89,5.97,8.43,3.85
TCS,5.10,6.85,4.20,4.82,5.07,7.54,3.31
